<?xml version="1.0" encoding="UTF-8"?>
<!--
   Copyright 2013 David Malcolm <dmalcolm@redhat.com>
   Copyright 2013 Red Hat, Inc.

   This is free software: you can redistribute it and/or modify it
   under the terms of the GNU General Public License as published by
   the Free Software Foundation, either version 3 of the License, or
   (at your option) any later version.

   This program is distributed in the hope that it will be useful, but
   WITHOUT ANY WARRANTY; without even the implied warranty of
   MERCHANTABILITY or FITNESS FOR A PARTICULAR PURPOSE.  See the GNU
   General Public License for more details.

   You should have received a copy of the GNU General Public License
   along with this program.  If not, see
   <http://www.gnu.org/licenses/>.
-->
<api name="diagnostics">

  <doc>Diagnostics</doc>

  <function name="inform" returntype="void">
    <parameter name="location" type="location"/>
    <parameter name="message" type="string"/>
  </function>

  <function name="error_at" returntype="void">
    <parameter name="location" type="location"/>
    <parameter name="message" type="string"/>
  </function>

  <function name="warning_at" returntype="bool">
    <parameter name="location" type="location"/>
    <parameter name="message" type="string"/>
    <parameter name="option" type="option"/>
  </function>

  <function name="permerror" returntype="bool">
    <parameter name="location" type="location"/>
    <parameter name="message" type="string"/>
  </function>

</api>