<?xml version="1.0" encoding="UTF-8"?>
<!--
   Copyright 2012 David Malcolm <dmalcolm@redhat.com>
   Copyright 2012 Red Hat, Inc.

   This is free software: you can redistribute it and/or modify it
   under the terms of the GNU General Public License as published by
   the Free Software Foundation, either version 3 of the License, or
   (at your option) any later version.

   This program is distributed in the hope that it will be useful, but
   WITHOUT ANY WARRANTY; without even the implied warranty of
   MERCHANTABILITY or FITNESS FOR A PARTICULAR PURPOSE.  See the GNU
   General Public License for more details.

   You should have received a copy of the GNU General Public License
   along with this program.  If not, see
   <http://www.gnu.org/licenses/>.
-->
<api name="function">

  <doc>Functions</doc>

  <type name="function" varname="func" inner="struct function*">
    <attribute name="cfg" kind="cfg">
      <doc>The control flow graph for this function (can be NULL in early
      passes)</doc>
    </attribute>
    <attribute name="decl" kind="function_decl"/>
    <attribute name="index" kind="int"/>
    <attribute name="start" kind="location"/>
    <attribute name="end" kind="location"/>
  </type>

  <attribute name="current_function" kind="function"/>

</api>