<?xml version="1.0" encoding="UTF-8"?>
<!--
   Copyright 2012, 2017 David Malcolm <dmalcolm@redhat.com>
   Copyright 2012, 2017 Red Hat, Inc.

   This is free software: you can redistribute it and/or modify it
   under the terms of the GNU General Public License as published by
   the Free Software Foundation, either version 3 of the License, or
   (at your option) any later version.

   This program is distributed in the hope that it will be useful, but
   WITHOUT ANY WARRANTY; without even the implied warranty of
   MERCHANTABILITY or FITNESS FOR A PARTICULAR PURPOSE.  See the GNU
   General Public License for more details.

   You should have received a copy of the GNU General Public License
   along with this program.  If not, see
   <http://www.gnu.org/licenses/>.
-->
<api name="location">

  <doc>Source code locations</doc>

  <type name="location" varname="loc" inner="location_t">
    <attribute name="filename" kind="string">
    </attribute>

    <attribute name="line" kind="int">
    </attribute>

    <attribute name="column" kind="int">
    </attribute>

    <attribute name="is_unknown" kind="bool">
    </attribute>

    <attribute name="in_system_header" kind="bool">
    </attribute>

    <attribute name="caret" kind="location">
    </attribute>
    <attribute name="start" kind="location">
    </attribute>
    <attribute name="finish" kind="location">
    </attribute>

    <function name="offset_column" returntype="location">
      <parameter name="offset" type="int"/>
    </function>

  </type>

  <attribute name="input_location" kind="location" access="rw">
  </attribute>

</api>