<?xml version="1.0" encoding="UTF-8"?>
<!--
   Copyright 2012 David Malcolm <dmalcolm@redhat.com>
   Copyright 2012 Red Hat, Inc.

   This is free software: you can redistribute it and/or modify it
   under the terms of the GNU General Public License as published by
   the Free Software Foundation, either version 3 of the License, or
   (at your option) any later version.

   This program is distributed in the hope that it will be useful, but
   WITHOUT ANY WARRANTY; without even the implied warranty of
   MERCHANTABILITY or FITNESS FOR A PARTICULAR PURPOSE.  See the GNU
   General Public License for more details.

   You should have received a copy of the GNU General Public License
   along with this program.  If not, see
   <http://www.gnu.org/licenses/>.
-->
<api name="option">

  <doc>Command-line options</doc>

  <type name="option" varname="opt" inner="enum opt_code">
    <attribute name="text" kind="string">
      <doc>The text used at the command-line to affect this option e.g. -Werror.</doc>
    </attribute>
  </type>

  <iterator name="option" kind="option">
  </iterator>

</api>