<?xml version="1.0" encoding="UTF-8"?>
<!--
   Copyright 2012 David Malcolm <dmalcolm@redhat.com>
   Copyright 2012 Red Hat, Inc.

   This is free software: you can redistribute it and/or modify it
   under the terms of the GNU General Public License as published by
   the Free Software Foundation, either version 3 of the License, or
   (at your option) any later version.

   This program is distributed in the hope that it will be useful, but
   WITHOUT ANY WARRANTY; without even the implied warranty of
   MERCHANTABILITY or FITNESS FOR A PARTICULAR PURPOSE.  See the GNU
   General Public License for more details.

   You should have received a copy of the GNU General Public License
   along with this program.  If not, see
   <http://www.gnu.org/licenses/>.
-->
<api name="variable">

  <doc>Variables</doc>

  <type name="variable" varname="var" inner="struct varpool_node *">
    <attribute name="decl" kind="tree"> <!-- FIXME: can we make the kind be more specific? -->
      <doc>the declaration of this variable</doc>
    </attribute>
  </type>

  <iterator name="variable" kind="variable">
  </iterator>
</api>